02.01.2014,17.33
03.01.2014,17.40
06.01.2014,17.45
07.01.2014,17.45
08.01.2014,17.87
09.01.2014,17.33
10.01.2014,16.81
13.01.2014,17.14
14.01.2014,16.87
15.01.2014,16.86
16.01.2014,16.40
17.01.2014,16.42
20.01.2014,16.06
21.01.2014,16.31
22.01.2014,16.09
23.01.2014,16.04
24.01.2014,15.91
27.01.2014,15.77
28.01.2014,15.54
29.01.2014,15.26
30.01.2014,15.17
31.01.2014,15.17
03.02.2014,14.70
04.02.2014,15.02
05.02.2014,14.67
06.02.2014,14.71
07.02.2014,14.83
10.02.2014,14.75
11.02.2014,14.65
12.02.2014,14.65
13.02.2014,14.08
14.02.2014,14.40
17.02.2014,14.18
18.02.2014,14.07
19.02.2014,14.57
20.02.2014,14.56
21.02.2014,15.05
24.02.2014,15.26
25.02.2014,15.10
26.02.2014,15.00
27.02.2014,15.17
28.02.2014,15.21
05.03.2014,15.08
06.03.2014,14.75
07.03.2014,14.71
10.03.2014,14.38
11.03.2014,14.38
12.03.2014,14.32
13.03.2014,14.29
14.03.2014,14.50
17.03.2014,14.39
18.03.2014,14.45
19.03.2014,14.40
20.03.2014,14.45
21.03.2014,14.31
24.03.2014,14.05
25.03.2014,14.17
26.03.2014,14.09
27.03.2014,13.82
28.03.2014,14.45
31.03.2014,14.83
01.04.2014,15.26
02.04.2014,15.63
03.04.2014,16.06
04.04.2014,15.99
07.04.2014,15.83
08.04.2014,15.73
09.04.2014,16.01
10.04.2014,15.68
11.04.2014,15.49
14.04.2014,15.77
15.04.2014,15.77
16.04.2014,16.35
17.04.2014,16.30
22.04.2014,16.64
23.04.2014,16.10
24.04.2014,15.80
25.04.2014,15.48
28.04.2014,15.27
29.04.2014,14.89
30.04.2014,14.62
02.05.2014,14.89
05.05.2014,15.10
06.05.2014,15.05
07.05.2014,15.40
08.05.2014,15.52
09.05.2014,15.53
12.05.2014,15.71
13.05.2014,16.08
14.05.2014,16.04
15.05.2014,16.21
16.05.2014,16.43
19.05.2014,16.24
20.05.2014,16.24
21.05.2014,16.34
22.05.2014,16.50
23.05.2014,16.68
26.05.2014,16.55
27.05.2014,16.32
28.05.2014,16.34
29.05.2014,16.60
30.05.2014,16.38
02.06.2014,16.32
03.06.2014,16.22
04.06.2014,16.34
05.06.2014,15.94
06.06.2014,16.51
09.06.2014,16.53
10.06.2014,16.50
11.06.2014,16.47
13.06.2014,16.54
16.06.2014,16.45
17.06.2014,16.39
18.06.2014,16.38
20.06.2014,16.38
23.06.2014,16.55
24.06.2014,16.51
25.06.2014,16.22
26.06.2014,16.18
27.06.2014,16.32
30.06.2014,16.53
01.07.2014,16.21
02.07.2014,15.92
03.07.2014,15.78
04.07.2014,15.89
07.07.2014,15.91
08.07.2014,15.52
10.07.2014,15.80
11.07.2014,15.69
14.07.2014,15.63
15.07.2014,15.59
16.07.2014,15.18
17.07.2014,15.09
18.07.2014,14.90
21.07.2014,14.88
22.07.2014,14.49
23.07.2014,14.78
24.07.2014,14.79
25.07.2014,14.69
28.07.2014,15.03
29.07.2014,14.70
30.07.2014,14.53
31.07.2014,14.58
01.08.2014,14.53
04.08.2014,14.89
05.08.2014,14.89
06.08.2014,14.47
07.08.2014,14.38
08.08.2014,14.28
11.08.2014,14.62
12.08.2014,14.54
13.08.2014,14.35
14.08.2014,14.41
15.08.2014,14.33
18.08.2014,14.23
19.08.2014,13.94
20.08.2014,14.19
21.08.2014,14.23
22.08.2014,14.35
25.08.2014,14.45
26.08.2014,14.41
27.08.2014,14.42
28.08.2014,14.58
29.08.2014,14.89
01.09.2014,15.04
02.09.2014,14.96
03.09.2014,14.68
04.09.2014,14.93
05.09.2014,14.49
08.09.2014,14.32
09.09.2014,14.32
10.09.2014,14.05
11.09.2014,14.49
12.09.2014,14.28
15.09.2014,13.69
16.09.2014,13.67
17.09.2014,13.67
18.09.2014,13.63
19.09.2014,13.39
22.09.2014,13.32
23.09.2014,13.86
24.09.2014,14.03
25.09.2014,14.19
26.09.2014,13.95
29.09.2014,14.23
30.09.2014,14.11
01.10.2014,14.35
02.10.2014,14.57
03.10.2014,14.73
06.10.2014,14.19
07.10.2014,14.08
08.10.2014,14.74
09.10.2014,14.18
10.10.2014,14.61
13.10.2014,14.78
14.10.2014,14.29
15.10.2014,14.10
16.10.2014,14.14
17.10.2014,13.86
20.10.2014,13.42
21.10.2014,13.42
22.10.2014,13.14
23.10.2014,13.51
24.10.2014,14.78
27.10.2014,13.91
28.10.2014,14.17
29.10.2014,14.22
30.10.2014,13.80
31.10.2014,14.53
03.11.2014,14.09
04.11.2014,14.32
05.11.2014,13.76
06.11.2014,13.50
07.11.2014,13.70
10.11.2014,13.50
11.11.2014,13.36
12.11.2014,13.42
13.11.2014,13.29
14.11.2014,13.31
17.11.2014,13.24
18.11.2014,13.20
19.11.2014,12.57
21.11.2014,12.85
24.11.2014,12.88
25.11.2014,12.90
26.11.2014,13.04
27.11.2014,12.92
28.11.2014,12.78
01.12.2014,12.34
02.12.2014,12.08
03.12.2014,12.54
04.12.2014,12.34
05.12.2014,12.44
08.12.2014,12.21
09.12.2014,11.77
10.12.2014,11.58
11.12.2014,11.47
12.12.2014,11.99
15.12.2014,11.70
16.12.2014,11.78
17.12.2014,11.50
18.12.2014,11.70
19.12.2014,11.95
22.12.2014,12.13
23.12.2014,11.87
26.12.2014,12.29
29.12.2014,12.04
30.12.2014,12.13
02.01.2015,11.70
05.01.2015,11.70
06.01.2015,11.83
07.01.2015,12.21
08.01.2015,12.25
09.01.2015,12.13
12.01.2015,12.42
13.01.2015,12.77
14.01.2015,12.73
15.01.2015,12.77
16.01.2015,12.08
19.01.2015,12.08
20.01.2015,12.00
21.01.2015,12.45
22.01.2015,12.63
23.01.2015,12.70
26.01.2015,12.48
27.01.2015,12.61
28.01.2015,12.36
29.01.2015,12.26
30.01.2015,12.30
02.02.2015,12.24
03.02.2015,12.04
04.02.2015,12.21
05.02.2015,12.10
06.02.2015,11.78
09.02.2015,11.98
10.02.2015,11.91
11.02.2015,11.78
12.02.2015,11.71
13.02.2015,11.66
18.02.2015,12.15
19.02.2015,12.10
20.02.2015,12.41
23.02.2015,12.55
24.02.2015,12.30
25.02.2015,12.47
26.02.2015,12.34
27.02.2015,11.88
02.03.2015,11.68
03.03.2015,11.52
04.03.2015,11.87
05.03.2015,12.16
06.03.2015,12.11
09.03.2015,11.95
10.03.2015,11.89
11.03.2015,12.14
12.03.2015,12.56
13.03.2015,13.11
16.03.2015,12.90
17.03.2015,13.69
18.03.2015,13.65
19.03.2015,14.02
20.03.2015,14.39
23.03.2015,14.40
24.03.2015,14.33
25.03.2015,14.45
26.03.2015,14.28
27.03.2015,14.89
30.03.2015,14.75
31.03.2015,15.06
01.04.2015,15.22
02.04.2015,15.23
06.04.2015,14.92
07.04.2015,14.80
08.04.2015,15.08
09.04.2015,15.09
10.04.2015,15.68
13.04.2015,15.03
14.04.2015,15.48
15.04.2015,15.14
16.04.2015,15.17
17.04.2015,15.18
20.04.2015,15.57
22.04.2015,15.49
23.04.2015,15.62
24.04.2015,15.33
27.04.2015,15.31
28.04.2015,15.07
29.04.2015,15.05
30.04.2015,15.25
04.05.2015,15.09
05.05.2015,15.08
06.05.2015,15.08
07.05.2015,15.08
08.05.2015,15.02
11.05.2015,14.42
12.05.2015,14.12
13.05.2015,13.91
14.05.2015,14.53
15.05.2015,14.33
18.05.2015,14.61
19.05.2015,14.74
20.05.2015,14.38
21.05.2015,14.16
22.05.2015,14.12
25.05.2015,14.16
26.05.2015,14.08
27.05.2015,14.05
28.05.2015,13.80
29.05.2015,13.81
01.06.2015,14.72
02.06.2015,14.65
03.06.2015,14.77
05.06.2015,14.75
08.06.2015,15.16
09.06.2015,14.84
10.06.2015,14.74
11.06.2015,14.81
12.06.2015,14.81
15.06.2015,14.77
16.06.2015,14.89
17.06.2015,15.18
18.06.2015,15.12
19.06.2015,15.02
22.06.2015,15.30
23.06.2015,15.30
24.06.2015,15.12
25.06.2015,15.09
26.06.2015,15.30
29.06.2015,14.86
30.06.2015,15.12
01.07.2015,15.48
02.07.2015,15.12
03.07.2015,15.20
06.07.2015,15.25
07.07.2015,15.08
08.07.2015,14.86
10.07.2015,15.86
13.07.2015,15.22
14.07.2015,15.21
15.07.2015,15.63
16.07.2015,15.60
17.07.2015,15.77
20.07.2015,15.97
21.07.2015,15.56
22.07.2015,15.38
23.07.2015,15.14
24.07.2015,14.73
27.07.2015,14.61
28.07.2015,14.29
29.07.2015,15.12
30.07.2015,14.88
31.07.2015,15.38
03.08.2015,14.85
04.08.2015,15.27
05.08.2015,15.64
06.08.2015,16.48
07.08.2015,16.17
10.08.2015,15.78
11.08.2015,15.22
12.08.2015,15.47
13.08.2015,15.82
14.08.2015,15.73
17.08.2015,15.56
18.08.2015,15.12
19.08.2015,14.88
20.08.2015,15.41
21.08.2015,15.16
24.08.2015,14.50
25.08.2015,14.19
26.08.2015,14.42
27.08.2015,13.98
28.08.2015,14.04
31.08.2015,14.06
01.09.2015,13.96
02.09.2015,13.82
03.09.2015,14.60
04.09.2015,14.83
08.09.2015,14.26
09.09.2015,14.35
10.09.2015,14.42
11.09.2015,14.23
14.09.2015,14.43
15.09.2015,14.07
16.09.2015,13.90
17.09.2015,14.77
18.09.2015,14.95
21.09.2015,15.21
22.09.2015,15.00
23.09.2015,15.03
24.09.2015,15.34
25.09.2015,15.64
28.09.2015,15.47
29.09.2015,15.64
30.09.2015,15.64
01.10.2015,15.47
02.10.2015,15.51
05.10.2015,15.57
06.10.2015,15.37
07.10.2015,15.61
08.10.2015,15.72
09.10.2015,14.86
13.10.2015,15.30
14.10.2015,14.77
15.10.2015,15.25
16.10.2015,15.07
19.10.2015,15.62
20.10.2015,15.30
21.10.2015,15.37
22.10.2015,15.21
23.10.2015,15.42
26.10.2015,15.51
27.10.2015,15.30
28.10.2015,15.16
29.10.2015,15.46
30.10.2015,15.05
03.11.2015,16.17
04.11.2015,15.90
05.11.2015,15.57
06.11.2015,15.29
09.11.2015,15.34
10.11.2015,15.44
11.11.2015,15.55
12.11.2015,15.56
13.11.2015,15.51
16.11.2015,14.95
17.11.2015,15.47
18.11.2015,15.56
19.11.2015,16.38
23.11.2015,15.69
24.11.2015,15.00
25.11.2015,15.03
26.11.2015,14.99
27.11.2015,15.16
30.11.2015,15.06
01.12.2015,14.39
02.12.2015,14.46
03.12.2015,14.86
04.12.2015,14.51
07.12.2015,14.42
08.12.2015,14.07
09.12.2015,14.19
10.12.2015,13.91
11.12.2015,13.94
14.12.2015,13.68
15.12.2015,13.77
16.12.2015,13.98
17.12.2015,14.40
18.12.2015,14.13
21.12.2015,14.16
22.12.2015,14.20
23.12.2015,14.38
28.12.2015,14.50
29.12.2015,14.36
30.12.2015,14.38
04.01.2016,14.09
05.01.2016,13.85
06.01.2016,14.33
07.01.2016,14.20
08.01.2016,14.05
11.01.2016,13.98
12.01.2016,14.03
13.01.2016,13.98
14.01.2016,14.40
15.01.2016,14.30
18.01.2016,14.34
19.01.2016,14.26
20.01.2016,13.98
21.01.2016,14.16
22.01.2016,14.43
26.01.2016,14.12
27.01.2016,13.98
28.01.2016,13.98
29.01.2016,14.30
01.02.2016,14.18
02.02.2016,13.70
03.02.2016,14.68
04.02.2016,14.42
05.02.2016,14.60
10.02.2016,15.22
11.02.2016,14.87
12.02.2016,15.12
15.02.2016,15.10
16.02.2016,15.47
17.02.2016,15.64
18.02.2016,15.73
19.02.2016,15.91
22.02.2016,16.09
23.02.2016,16.13
24.02.2016,16.07
25.02.2016,16.18
26.02.2016,15.99
29.02.2016,16.08
01.03.2016,16.17
02.03.2016,16.04
03.03.2016,14.95
04.03.2016,14.63
07.03.2016,14.69
08.03.2016,13.81
09.03.2016,14.06
10.03.2016,14.44
11.03.2016,14.35
14.03.2016,14.07
15.03.2016,14.07
16.03.2016,14.00
17.03.2016,13.82
18.03.2016,14.17
21.03.2016,13.77
22.03.2016,14.20
23.03.2016,14.40
24.03.2016,14.16
28.03.2016,14.24
29.03.2016,14.61
30.03.2016,14.47
31.03.2016,13.81
01.04.2016,14.42
04.04.2016,14.66
05.04.2016,14.15
06.04.2016,14.16
07.04.2016,13.34
08.04.2016,13.49
11.04.2016,13.23
12.04.2016,13.02
13.04.2016,13.37
14.04.2016,13.60
15.04.2016,13.73
18.04.2016,13.29
19.04.2016,13.55
20.04.2016,13.73
22.04.2016,13.77
25.04.2016,13.65
26.04.2016,13.73
27.04.2016,13.49
28.04.2016,13.69
29.04.2016,13.56
02.05.2016,13.80
03.05.2016,13.55
04.05.2016,13.55
05.05.2016,13.99
06.05.2016,14.01
09.05.2016,13.73
10.05.2016,13.73
11.05.2016,14.09
12.05.2016,13.96
13.05.2016,13.64
16.05.2016,14.21
17.05.2016,14.16
18.05.2016,14.05
19.05.2016,13.75
20.05.2016,13.47
23.05.2016,13.29
24.05.2016,13.45
25.05.2016,13.56
27.05.2016,13.56
30.05.2016,13.64
31.05.2016,13.60
01.06.2016,13.49
02.06.2016,13.64
03.06.2016,13.52
06.06.2016,13.50
07.06.2016,13.50
08.06.2016,13.96
09.06.2016,13.96
10.06.2016,13.82
13.06.2016,13.75
14.06.2016,13.53
15.06.2016,13.55
16.06.2016,13.64
17.06.2016,13.50
20.06.2016,13.62
21.06.2016,13.60
22.06.2016,13.18
23.06.2016,13.37
24.06.2016,13.55
27.06.2016,13.55
28.06.2016,13.36
29.06.2016,13.46
30.06.2016,13.46
01.07.2016,13.45
04.07.2016,13.58
05.07.2016,13.32
06.07.2016,12.91
07.07.2016,12.81
08.07.2016,12.58
11.07.2016,13.14
12.07.2016,12.90
13.07.2016,13.08
14.07.2016,13.35
15.07.2016,13.09
18.07.2016,13.16
19.07.2016,13.64
20.07.2016,13.73
21.07.2016,13.64
22.07.2016,13.96
25.07.2016,13.56
26.07.2016,13.33
27.07.2016,13.46
28.07.2016,13.62
29.07.2016,13.64
01.08.2016,13.83
02.08.2016,13.37
03.08.2016,13.24
04.08.2016,13.36
05.08.2016,13.33
08.08.2016,13.49
09.08.2016,13.93
10.08.2016,14.41
11.08.2016,14.05
12.08.2016,13.88
15.08.2016,13.81
16.08.2016,13.82
17.08.2016,13.52
18.08.2016,13.33
19.08.2016,13.46
22.08.2016,13.17
23.08.2016,13.00
24.08.2016,12.85
25.08.2016,13.16
26.08.2016,12.93
29.08.2016,13.00
30.08.2016,13.17
31.08.2016,13.16
01.09.2016,13.09
02.09.2016,13.14
05.09.2016,13.06
06.09.2016,12.90
08.09.2016,12.90
09.09.2016,12.67
12.09.2016,12.62
13.09.2016,12.61
14.09.2016,12.54
15.09.2016,12.54
16.09.2016,12.16
19.09.2016,12.27
20.09.2016,12.24
21.09.2016,12.36
22.09.2016,12.68
23.09.2016,13.00
26.09.2016,12.89
27.09.2016,12.81
28.09.2016,12.80
29.09.2016,12.89
30.09.2016,12.78
03.10.2016,12.86
04.10.2016,12.96
05.10.2016,13.00
06.10.2016,13.10
07.10.2016,13.03
10.10.2016,13.04
11.10.2016,13.04
13.10.2016,13.05
14.10.2016,13.09
17.10.2016,13.18
18.10.2016,13.38
19.10.2016,13.35
20.10.2016,13.28
21.10.2016,13.64
24.10.2016,13.86
25.10.2016,13.82
26.10.2016,13.64
27.10.2016,13.96
28.10.2016,14.04
31.10.2016,14.37
01.11.2016,14.17
03.11.2016,13.90
04.11.2016,13.77
07.11.2016,13.79
08.11.2016,13.76
09.11.2016,13.59
10.11.2016,13.18
11.11.2016,12.70
14.11.2016,12.77
16.11.2016,12.93
17.11.2016,12.77
18.11.2016,12.93
21.11.2016,13.07
22.11.2016,12.97
23.11.2016,13.24
24.11.2016,13.24
25.11.2016,13.31
28.11.2016,13.18
29.11.2016,13.06
30.11.2016,13.29
01.12.2016,13.00
02.12.2016,12.91
05.12.2016,12.83
06.12.2016,12.95
07.12.2016,13.07
08.12.2016,13.07
09.12.2016,13.06
12.12.2016,13.06
13.12.2016,13.25
14.12.2016,13.06
15.12.2016,13.18
16.12.2016,13.11
19.12.2016,13.05
20.12.2016,13.05
21.12.2016,13.05
22.12.2016,13.09
23.12.2016,13.18
26.12.2016,13.13
27.12.2016,13.18
28.12.2016,13.27
29.12.2016,13.16
02.01.2017,13.33
03.01.2017,13.42
04.01.2017,13.86
05.01.2017,14.25
06.01.2017,14.24
09.01.2017,14.23
10.01.2017,14.14
11.01.2017,14.16
12.01.2017,14.53
13.01.2017,14.41
16.01.2017,14.57
17.01.2017,14.81
18.01.2017,14.94
19.01.2017,14.73
20.01.2017,14.86
23.01.2017,14.78
24.01.2017,15.18
26.01.2017,15.24
27.01.2017,15.22
30.01.2017,14.81
31.01.2017,14.93
01.02.2017,15.28
02.02.2017,15.18
03.02.2017,15.23
06.02.2017,15.18
07.02.2017,15.26
08.02.2017,15.22
09.02.2017,15.43
10.02.2017,15.61
13.02.2017,15.46
14.02.2017,15.36
15.02.2017,15.79
16.02.2017,16.15
17.02.2017,16.00
20.02.2017,15.73
21.02.2017,16.14
22.02.2017,15.86
23.02.2017,15.56
24.02.2017,15.64
01.03.2017,15.68
02.03.2017,15.60
03.03.2017,16.09
06.03.2017,16.64
07.03.2017,16.57
08.03.2017,16.05
09.03.2017,15.46
10.03.2017,15.77
13.03.2017,15.59
14.03.2017,15.59
15.03.2017,15.51
16.03.2017,15.82
17.03.2017,15.73
20.03.2017,15.68
21.03.2017,15.46
22.03.2017,15.71
23.03.2017,15.81
24.03.2017,16.05
27.03.2017,15.67
28.03.2017,15.89
29.03.2017,15.96
30.03.2017,16.12
31.03.2017,16.20
03.04.2017,16.09
04.04.2017,16.36
05.04.2017,16.42
06.04.2017,16.36
07.04.2017,16.36
10.04.2017,16.66
11.04.2017,16.59
12.04.2017,16.36
13.04.2017,16.56
17.04.2017,16.36
18.04.2017,16.46
19.04.2017,16.86
20.04.2017,16.73
24.04.2017,16.89
25.04.2017,16.82
26.04.2017,17.27
27.04.2017,17.41
28.04.2017,17.96
02.05.2017,17.87
03.05.2017,17.99
04.05.2017,18.05
05.05.2017,18.13
08.05.2017,18.09
09.05.2017,18.29
10.05.2017,18.64
11.05.2017,18.62
12.05.2017,18.97
15.05.2017,18.96
16.05.2017,19.61
17.05.2017,18.77
18.05.2017,17.88
19.05.2017,18.72
22.05.2017,17.91
23.05.2017,18.47
24.05.2017,19.24
25.05.2017,19.10
26.05.2017,19.22
29.05.2017,19.10
30.05.2017,18.97
31.05.2017,18.48
01.06.2017,18.64
02.06.2017,18.47
05.06.2017,18.76
06.06.2017,18.60
07.06.2017,18.72
08.06.2017,18.42
09.06.2017,18.60
12.06.2017,18.37
13.06.2017,18.32
14.06.2017,18.84
16.06.2017,18.74
19.06.2017,18.76
20.06.2017,18.55
21.06.2017,18.45
22.06.2017,18.78
23.06.2017,18.69
26.06.2017,18.74
27.06.2017,18.99
28.06.2017,19.01
29.06.2017,18.96
30.06.2017,19.33
03.07.2017,19.42
04.07.2017,19.42
05.07.2017,19.51
06.07.2017,18.78
07.07.2017,18.55
10.07.2017,18.78
11.07.2017,18.78
12.07.2017,19.24
13.07.2017,19.73
14.07.2017,19.70
17.07.2017,19.61
18.07.2017,19.52
19.07.2017,19.44
20.07.2017,19.24
21.07.2017,19.63
24.07.2017,19.52
25.07.2017,19.56
26.07.2017,19.70
27.07.2017,19.43
28.07.2017,19.91
31.07.2017,19.94
01.08.2017,19.70
02.08.2017,19.61
03.08.2017,19.78
04.08.2017,19.88
07.08.2017,19.68
08.08.2017,20.61
09.08.2017,20.23
10.08.2017,20.22
11.08.2017,20.16
14.08.2017,20.29
15.08.2017,20.85
16.08.2017,20.67
17.08.2017,20.17
18.08.2017,20.39
21.08.2017,20.86
22.08.2017,20.83
23.08.2017,20.97
24.08.2017,21.03
25.08.2017,21.03
28.08.2017,21.20
29.08.2017,20.81
30.08.2017,20.66
31.08.2017,20.34
01.09.2017,20.06
04.09.2017,20.06
05.09.2017,20.46
06.09.2017,20.36
08.09.2017,20.68
11.09.2017,20.98
12.09.2017,20.98
13.09.2017,20.89
14.09.2017,20.97
15.09.2017,20.97
18.09.2017,21.82
19.09.2017,22.35
20.09.2017,22.25
21.09.2017,22.49
22.09.2017,23.37
25.09.2017,23.13
26.09.2017,22.82
27.09.2017,22.80
28.09.2017,22.82
29.09.2017,22.63
02.10.2017,22.10
03.10.2017,21.88
04.10.2017,21.40
05.10.2017,20.97
06.10.2017,21.48
09.10.2017,21.80
10.10.2017,22.81
11.10.2017,22.81
13.10.2017,22.66
16.10.2017,22.55
17.10.2017,22.35
18.10.2017,23.00
19.10.2017,22.66
20.10.2017,22.24
23.10.2017,22.02
24.10.2017,22.09
25.10.2017,21.86
26.10.2017,22.77
27.10.2017,22.40
30.10.2017,22.34
31.10.2017,22.00
01.11.2017,21.49
03.11.2017,21.50
06.11.2017,21.65
07.11.2017,21.11
08.11.2017,21.60
09.11.2017,21.85
10.11.2017,21.80
13.11.2017,21.70
14.11.2017,20.55
16.11.2017,21.60
17.11.2017,22.54
21.11.2017,22.75
22.11.2017,23.00
23.11.2017,22.88
24.11.2017,22.62
27.11.2017,22.83
28.11.2017,23.00
29.11.2017,22.32
30.11.2017,22.26
01.12.2017,22.65
04.12.2017,22.95
05.12.2017,22.68
06.12.2017,22.75
07.12.2017,22.79
08.12.2017,23.20
11.12.2017,23.40
12.12.2017,23.81
13.12.2017,24.30
14.12.2017,24.05
15.12.2017,24.50
18.12.2017,24.92
19.12.2017,24.84
20.12.2017,24.82
21.12.2017,25.64
22.12.2017,25.99
26.12.2017,26.14
27.12.2017,26.40
28.12.2017,26.67